hotel_name,location,price,rating,url,city
Areena Hotel,Skardu,N/A,N/A,https://www.booking.com/hotel/pk/areena.html?aid=304142&label=gen173nr-1FCAQoggJCDXNlYXJjaF9za2FyZHVIM1gEaLUBiAEBmAExuAEZyAEM2AEB6AEB-AEDiAIBqAIDuALDpKDCBsACAdICJDU5Nzk5NjcxLWQ1YmUtNDg4NS05MzA4LWNhZGVjMTY1OWJjNdgCBeACAQ&ucfs=1&arphpl=1&group_adults=2&req_adults=2&no_rooms=1&group_children=0&req_children=0&hpos=1&hapos=1&sr_order=popularity&srpvid=5aba4e611527024e&srepoch=1749553734&from=searchresults,Skardu
"Kesar Palace Hotel & Restaurant, Skardu",Skardu,N/A,N/A,https://www.booking.com/hotel/pk/kasar-rose-palace-amp-restaurant.html?aid=304142&label=gen173nr-1FCAQoggJCDXNlYXJjaF9za2FyZHVIM1gEaLUBiAEBmAExuAEZyAEM2AEB6AEB-AEDiAIBqAIDuALDpKDCBsACAdICJDU5Nzk5NjcxLWQ1YmUtNDg4NS05MzA4LWNhZGVjMTY1OWJjNdgCBeACAQ&ucfs=1&arphpl=1&group_adults=2&req_adults=2&no_rooms=1&group_children=0&req_children=0&hpos=2&hapos=2&sr_order=popularity&srpvid=5aba4e611527024e&srepoch=1749553734&from=searchresults,Skardu
MONTAGNA PODS,Skardu,N/A,N/A,https://www.booking.com/hotel/pk/montagna-pods.html?aid=304142&label=gen173nr-1FCAQoggJCDXNlYXJjaF9za2FyZHVIM1gEaLUBiAEBmAExuAEZyAEM2AEB6AEB-AEDiAIBqAIDuALDpKDCBsACAdICJDU5Nzk5NjcxLWQ1YmUtNDg4NS05MzA4LWNhZGVjMTY1OWJjNdgCBeACAQ&ucfs=1&arphpl=1&group_adults=2&req_adults=2&no_rooms=1&group_children=0&req_children=0&hpos=3&hapos=3&sr_order=popularity&srpvid=5aba4e611527024e&srepoch=1749553734&from=searchresults,Skardu
Hotel Saspolo skardu,Skardu,N/A,N/A,https://www.booking.com/hotel/pk/saspolo-skardu-skardu1.html?aid=304142&label=gen173nr-1FCAQoggJCDXNlYXJjaF9za2FyZHVIM1gEaLUBiAEBmAExuAEZyAEM2AEB6AEB-AEDiAIBqAIDuALDpKDCBsACAdICJDU5Nzk5NjcxLWQ1YmUtNDg4NS05MzA4LWNhZGVjMTY1OWJjNdgCBeACAQ&ucfs=1&arphpl=1&group_adults=2&req_adults=2&no_rooms=1&group_children=0&req_children=0&hpos=4&hapos=4&sr_order=popularity&srpvid=5aba4e611527024e&srepoch=1749553734&from=searchresults,Skardu
LOKAL Rooms x Skardu (Katpana Retreat),Skardu,N/A,N/A,https://www.booking.com/hotel/pk/lokal-rooms-x-skardu-katpana-retreat.html?aid=304142&label=gen173nr-1FCAQoggJCDXNlYXJjaF9za2FyZHVIM1gEaLUBiAEBmAExuAEZyAEM2AEB6AEB-AEDiAIBqAIDuALDpKDCBsACAdICJDU5Nzk5NjcxLWQ1YmUtNDg4NS05MzA4LWNhZGVjMTY1OWJjNdgCBeACAQ&ucfs=1&arphpl=1&group_adults=2&req_adults=2&no_rooms=1&group_children=0&req_children=0&hpos=5&hapos=5&sr_order=popularity&srpvid=5aba4e611527024e&srepoch=1749553734&from=searchresults,Skardu
Taaj Residence Skardu,Skardu,N/A,N/A,https://www.booking.com/hotel/pk/taaj-residencia-skardu.html?aid=304142&label=gen173nr-1FCAQoggJCDXNlYXJjaF9za2FyZHVIM1gEaLUBiAEBmAExuAEZyAEM2AEB6AEB-AEDiAIBqAIDuALDpKDCBsACAdICJDU5Nzk5NjcxLWQ1YmUtNDg4NS05MzA4LWNhZGVjMTY1OWJjNdgCBeACAQ&ucfs=1&arphpl=1&group_adults=2&req_adults=2&no_rooms=1&group_children=0&req_children=0&hpos=6&hapos=6&sr_order=popularity&srpvid=5aba4e611527024e&srepoch=1749553734&from=searchresults,Skardu
Comfort Hotel & Huts,Skardu,N/A,N/A,https://www.booking.com/hotel/pk/comfort-amp-huts.html?aid=304142&label=gen173nr-1FCAQoggJCDXNlYXJjaF9za2FyZHVIM1gEaLUBiAEBmAExuAEZyAEM2AEB6AEB-AEDiAIBqAIDuALDpKDCBsACAdICJDU5Nzk5NjcxLWQ1YmUtNDg4NS05MzA4LWNhZGVjMTY1OWJjNdgCBeACAQ&ucfs=1&arphpl=1&group_adults=2&req_adults=2&no_rooms=1&group_children=0&req_children=0&hpos=7&hapos=7&sr_order=popularity&srpvid=5aba4e611527024e&srepoch=1749553734&from=searchresults,Skardu
Baltistan Fort Skardu Resort,Skardu,N/A,N/A,https://www.booking.com/hotel/pk/baltistan-fort.html?aid=304142&label=gen173nr-1FCAQoggJCDXNlYXJjaF9za2FyZHVIM1gEaLUBiAEBmAExuAEZyAEM2AEB6AEB-AEDiAIBqAIDuALDpKDCBsACAdICJDU5Nzk5NjcxLWQ1YmUtNDg4NS05MzA4LWNhZGVjMTY1OWJjNdgCBeACAQ&ucfs=1&arphpl=1&group_adults=2&req_adults=2&no_rooms=1&group_children=0&req_children=0&hpos=8&hapos=8&sr_order=popularity&srpvid=5aba4e611527024e&srepoch=1749553734&from=searchresults,Skardu
Dream Nest Resorts,Skardu,N/A,N/A,https://www.booking.com/hotel/pk/dream-nest-resort.html?aid=304142&label=gen173nr-1FCAQoggJCDXNlYXJjaF9za2FyZHVIM1gEaLUBiAEBmAExuAEZyAEM2AEB6AEB-AEDiAIBqAIDuALDpKDCBsACAdICJDU5Nzk5NjcxLWQ1YmUtNDg4NS05MzA4LWNhZGVjMTY1OWJjNdgCBeACAQ&ucfs=1&arphpl=1&group_adults=2&req_adults=2&no_rooms=1&group_children=0&req_children=0&hpos=9&hapos=9&sr_order=popularity&srpvid=5aba4e611527024e&srepoch=1749553734&from=searchresults,Skardu
Serene Baltistan Hotel & Restaurant Skardu,Skardu,N/A,N/A,https://www.booking.com/hotel/pk/serene-baltistan-amp-restaurant-skardu.html?aid=304142&label=gen173nr-1FCAQoggJCDXNlYXJjaF9za2FyZHVIM1gEaLUBiAEBmAExuAEZyAEM2AEB6AEB-AEDiAIBqAIDuALDpKDCBsACAdICJDU5Nzk5NjcxLWQ1YmUtNDg4NS05MzA4LWNhZGVjMTY1OWJjNdgCBeACAQ&ucfs=1&arphpl=1&group_adults=2&req_adults=2&no_rooms=1&group_children=0&req_children=0&hpos=10&hapos=10&sr_order=popularity&srpvid=5aba4e611527024e&srepoch=1749553734&from=searchresults,Skardu
Rus Olive Lodge Skardu,Skardu,N/A,N/A,https://www.booking.com/hotel/pk/rus-olive-lodge.html?aid=304142&label=gen173nr-1FCAQoggJCDXNlYXJjaF9za2FyZHVIM1gEaLUBiAEBmAExuAEZyAEM2AEB6AEB-AEDiAIBqAIDuALDpKDCBsACAdICJDU5Nzk5NjcxLWQ1YmUtNDg4NS05MzA4LWNhZGVjMTY1OWJjNdgCBeACAQ&ucfs=1&arphpl=1&group_adults=2&req_adults=2&no_rooms=1&group_children=0&req_children=0&hpos=11&hapos=11&sr_order=popularity&srpvid=5aba4e611527024e&srepoch=1749553734&from=searchresults,Skardu
Indus Cabana Lodge,Skardu,N/A,N/A,https://www.booking.com/hotel/pk/indus-cabana-guest-house-and-resort.html?aid=304142&label=gen173nr-1FCAQoggJCDXNlYXJjaF9za2FyZHVIM1gEaLUBiAEBmAExuAEZyAEM2AEB6AEB-AEDiAIBqAIDuALDpKDCBsACAdICJDU5Nzk5NjcxLWQ1YmUtNDg4NS05MzA4LWNhZGVjMTY1OWJjNdgCBeACAQ&ucfs=1&arphpl=1&group_adults=2&req_adults=2&no_rooms=1&group_children=0&req_children=0&hpos=12&hapos=12&sr_order=popularity&srpvid=5aba4e611527024e&srepoch=1749553734&from=searchresults,Skardu
Skardu Saraye Hotel & Resort,Skardu,N/A,N/A,https://www.booking.com/hotel/pk/skardu-saraye.html?aid=304142&label=gen173nr-1FCAQoggJCDXNlYXJjaF9za2FyZHVIM1gEaLUBiAEBmAExuAEZyAEM2AEB6AEB-AEDiAIBqAIDuALDpKDCBsACAdICJDU5Nzk5NjcxLWQ1YmUtNDg4NS05MzA4LWNhZGVjMTY1OWJjNdgCBeACAQ&ucfs=1&arphpl=1&group_adults=2&req_adults=2&no_rooms=1&group_children=0&req_children=0&hpos=13&hapos=13&sr_order=popularity&srpvid=5aba4e611527024e&srepoch=1749553734&from=searchresults,Skardu
Hotel Mountain Lodge Skardu,Skardu,N/A,N/A,https://www.booking.com/hotel/pk/mountain-lodge-skardu-skardu.html?aid=304142&label=gen173nr-1FCAQoggJCDXNlYXJjaF9za2FyZHVIM1gEaLUBiAEBmAExuAEZyAEM2AEB6AEB-AEDiAIBqAIDuALDpKDCBsACAdICJDU5Nzk5NjcxLWQ1YmUtNDg4NS05MzA4LWNhZGVjMTY1OWJjNdgCBeACAQ&ucfs=1&arphpl=1&group_adults=2&req_adults=2&no_rooms=1&group_children=0&req_children=0&hpos=14&hapos=14&sr_order=popularity&srpvid=5aba4e611527024e&srepoch=1749553734&from=searchresults,Skardu
PC Legacy Skardu,Skardu,N/A,N/A,https://www.booking.com/hotel/pk/pc-legacy-skardu.html?aid=304142&label=gen173nr-1FCAQoggJCDXNlYXJjaF9za2FyZHVIM1gEaLUBiAEBmAExuAEZyAEM2AEB6AEB-AEDiAIBqAIDuALDpKDCBsACAdICJDU5Nzk5NjcxLWQ1YmUtNDg4NS05MzA4LWNhZGVjMTY1OWJjNdgCBeACAQ&ucfs=1&arphpl=1&group_adults=2&req_adults=2&no_rooms=1&group_children=0&req_children=0&hpos=15&hapos=15&sr_order=popularity&srpvid=5aba4e611527024e&srepoch=1749553734&from=searchresults,Skardu
Stay in Skardu,Skardu,N/A,N/A,https://www.booking.com/hotel/pk/stay-in-skardu-skardu1.html?aid=304142&label=gen173nr-1FCAQoggJCDXNlYXJjaF9za2FyZHVIM1gEaLUBiAEBmAExuAEZyAEM2AEB6AEB-AEDiAIBqAIDuALDpKDCBsACAdICJDU5Nzk5NjcxLWQ1YmUtNDg4NS05MzA4LWNhZGVjMTY1OWJjNdgCBeACAQ&ucfs=1&arphpl=1&group_adults=2&req_adults=2&no_rooms=1&group_children=0&req_children=0&hpos=16&hapos=16&sr_order=popularity&srpvid=5aba4e611527024e&srepoch=1749553734&from=searchresults,Skardu
Arish Luxury Suites,Skardu,N/A,N/A,https://www.booking.com/hotel/pk/arish-luxury-suites.html?aid=304142&label=gen173nr-1FCAQoggJCDXNlYXJjaF9za2FyZHVIM1gEaLUBiAEBmAExuAEZyAEM2AEB6AEB-AEDiAIBqAIDuALDpKDCBsACAdICJDU5Nzk5NjcxLWQ1YmUtNDg4NS05MzA4LWNhZGVjMTY1OWJjNdgCBeACAQ&ucfs=1&arphpl=1&group_adults=2&req_adults=2&no_rooms=1&group_children=0&req_children=0&hpos=17&hapos=17&sr_order=popularity&srpvid=5aba4e611527024e&srepoch=1749553734&from=searchresults,Skardu
PYRAMID LODGE,Skardu,N/A,N/A,https://www.booking.com/hotel/pk/pyramid-lodge.html?aid=304142&label=gen173nr-1FCAQoggJCDXNlYXJjaF9za2FyZHVIM1gEaLUBiAEBmAExuAEZyAEM2AEB6AEB-AEDiAIBqAIDuALDpKDCBsACAdICJDU5Nzk5NjcxLWQ1YmUtNDg4NS05MzA4LWNhZGVjMTY1OWJjNdgCBeACAQ&ucfs=1&arphpl=1&group_adults=2&req_adults=2&no_rooms=1&group_children=0&req_children=0&hpos=18&hapos=18&sr_order=popularity&srpvid=5aba4e611527024e&srepoch=1749553734&from=searchresults,Skardu
Skardu Rock View Hotel,Skardu,N/A,N/A,https://www.booking.com/hotel/pk/skardu-rock-view.html?aid=304142&label=gen173nr-1FCAQoggJCDXNlYXJjaF9za2FyZHVIM1gEaLUBiAEBmAExuAEZyAEM2AEB6AEB-AEDiAIBqAIDuALDpKDCBsACAdICJDU5Nzk5NjcxLWQ1YmUtNDg4NS05MzA4LWNhZGVjMTY1OWJjNdgCBeACAQ&ucfs=1&arphpl=1&group_adults=2&req_adults=2&no_rooms=1&group_children=0&req_children=0&hpos=19&hapos=19&sr_order=popularity&srpvid=5aba4e611527024e&srepoch=1749553734&from=searchresults,Skardu
Pacific Villa Skardu,Skardu,N/A,N/A,https://www.booking.com/hotel/pk/pacific-guest-house.html?aid=304142&label=gen173nr-1FCAQoggJCDXNlYXJjaF9za2FyZHVIM1gEaLUBiAEBmAExuAEZyAEM2AEB6AEB-AEDiAIBqAIDuALDpKDCBsACAdICJDU5Nzk5NjcxLWQ1YmUtNDg4NS05MzA4LWNhZGVjMTY1OWJjNdgCBeACAQ&ucfs=1&arphpl=1&group_adults=2&req_adults=2&no_rooms=1&group_children=0&req_children=0&hpos=20&hapos=20&sr_order=popularity&srpvid=5aba4e611527024e&srepoch=1749553734&from=searchresults,Skardu
HIKK Inn,Skardu,N/A,N/A,https://www.booking.com/hotel/pk/hikk-inn.html?aid=304142&label=gen173nr-1FCAQoggJCDXNlYXJjaF9za2FyZHVIM1gEaLUBiAEBmAExuAEZyAEM2AEB6AEB-AEDiAIBqAIDuALDpKDCBsACAdICJDU5Nzk5NjcxLWQ1YmUtNDg4NS05MzA4LWNhZGVjMTY1OWJjNdgCBeACAQ&ucfs=1&arphpl=1&group_adults=2&req_adults=2&no_rooms=1&group_children=0&req_children=0&hpos=21&hapos=21&sr_order=popularity&srpvid=5aba4e611527024e&srepoch=1749553734&from=searchresults,Skardu
Sukoon Resorts,Skardu,N/A,N/A,https://www.booking.com/hotel/pk/sukoon-resorts-skardu1.html?aid=304142&label=gen173nr-1FCAQoggJCDXNlYXJjaF9za2FyZHVIM1gEaLUBiAEBmAExuAEZyAEM2AEB6AEB-AEDiAIBqAIDuALDpKDCBsACAdICJDU5Nzk5NjcxLWQ1YmUtNDg4NS05MzA4LWNhZGVjMTY1OWJjNdgCBeACAQ&ucfs=1&arphpl=1&group_adults=2&req_adults=2&no_rooms=1&group_children=0&req_children=0&hpos=22&hapos=22&sr_order=popularity&srpvid=5aba4e611527024e&srepoch=1749553734&from=searchresults,Skardu
Heaven Hotel Skardu,Skardu,N/A,N/A,https://www.booking.com/hotel/pk/the-heaven-amp-restaurant.html?aid=304142&label=gen173nr-1FCAQoggJCDXNlYXJjaF9za2FyZHVIM1gEaLUBiAEBmAExuAEZyAEM2AEB6AEB-AEDiAIBqAIDuALDpKDCBsACAdICJDU5Nzk5NjcxLWQ1YmUtNDg4NS05MzA4LWNhZGVjMTY1OWJjNdgCBeACAQ&ucfs=1&arphpl=1&group_adults=2&req_adults=2&no_rooms=1&group_children=0&req_children=0&hpos=23&hapos=23&sr_order=popularity&srpvid=5aba4e611527024e&srepoch=1749553734&from=searchresults,Skardu
Biafo Resort Skardu,Skardu,N/A,N/A,https://www.booking.com/hotel/pk/biafo-house.html?aid=304142&label=gen173nr-1FCAQoggJCDXNlYXJjaF9za2FyZHVIM1gEaLUBiAEBmAExuAEZyAEM2AEB6AEB-AEDiAIBqAIDuALDpKDCBsACAdICJDU5Nzk5NjcxLWQ1YmUtNDg4NS05MzA4LWNhZGVjMTY1OWJjNdgCBeACAQ&ucfs=1&arphpl=1&group_adults=2&req_adults=2&no_rooms=1&group_children=0&req_children=0&hpos=24&hapos=24&sr_order=popularity&srpvid=5aba4e611527024e&srepoch=1749553734&from=searchresults,Skardu
Harriot Hotel Skardu,Skardu,N/A,N/A,https://www.booking.com/hotel/pk/harriot-skardu-skardu.html?aid=304142&label=gen173nr-1FCAQoggJCDXNlYXJjaF9za2FyZHVIM1gEaLUBiAEBmAExuAEZyAEM2AEB6AEB-AEDiAIBqAIDuALDpKDCBsACAdICJDU5Nzk5NjcxLWQ1YmUtNDg4NS05MzA4LWNhZGVjMTY1OWJjNdgCBeACAQ&ucfs=1&arphpl=1&group_adults=2&req_adults=2&no_rooms=1&group_children=0&req_children=0&hpos=25&hapos=25&sr_order=popularity&srpvid=5aba4e611527024e&srepoch=1749553734&from=searchresults,Skardu
